Date,dji,hsi,n225,aord,sp500,sp500_Price,label
2016-12-06T00:00:00.000+0000,0.000802455,0.00326053,0.002028274,0.002269776,0.001478809,2212.22998,1
2016-12-07T00:00:00.000+0000,0.006667427,0.002402193,0.003208577,0.003845695,0.005679425,2241.350098,1
2016-12-08T00:00:00.000+0000,0.001445817,0.001158809,0.006265457,0.004961466,0.00093678,2246.189941,1
2016-12-09T00:00:00.000+0000,0.003133576,-0.001920212,0.005311138,0.00130115,0.002571639,2259.530029,1
2016-12-12T00:00:00.000+0000,0.000869178,-0.006303232,0.00361222,0.000255151,-0.000494263,2256.959961,0
2016-12-13T00:00:00.000+0000,0.002510802,0.000264753,0.002159634,-0.001424443,0.002830941,2271.719971,1
2016-12-14T00:00:00.000+0000,-0.002596377,0.000191886,6.97E-05,0.003013692,-0.003539628,2253.280029,0
2016-12-15T00:00:00.000+0000,0.001308226,-0.00775067,0.000454945,-0.003455927,0.001683198,2262.030029,1
2016-12-16T00:00:00.000+0000,-0.000193213,-0.000761597,0.002860381,-0.000411576,-0.000760952,2258.070068,0
2016-12-19T00:00:00.000+0000,0.000866926,-0.003725063,-0.000213847,0.001791037,0.000856938,2262.530029,1
2016-12-20T00:00:00.000+0000,0.001995272,-0.002066093,0.002299118,0.002099552,0.001576885,2270.76001,1
2016-12-21T00:00:00.000+0000,-0.000710646,0.001610749,-0.001116191,0.001690761,-0.001068532,2265.179932,0
2016-12-22T00:00:00.000+0000,-0.000502927,-0.003470727,-0.000375846,0.002279751,-0.000809834,2260.959961,0
2016-12-28T00:00:00.000+0000,-0.001861639,0.00237293,-0.000580468,0.003086863,-0.00212581,2249.919922,0
2016-12-29T00:00:00.000+0000,-0.000304481,0.000721468,-0.005781688,0.001082061,-0.000127399,2249.26001,0
2016-12-30T00:00:00.000+0000,-0.001254742,0.004158376,-0.000698592,-0.002090843,-0.002018529,2238.830078,0
2017-01-04T00:00:00.000+0000,0.003928128,0.002635395,0.010766685,0.005215846,0.00614819,2270.75,1
2017-01-05T00:00:00.000+0000,-0.000934639,0.006276592,-0.001631501,0.001266169,-0.000334827,2269,0
2017-01-06T00:00:00.000+0000,0.001405667,0.000894875,-0.001478872,0.000291664,0.001524716,2276.97998,1
2017-01-10T00:00:00.000+0000,-0.002361759,0.004642461,-0.003426581,0.000298946,-0.001543876,2268.899902,0
2017-01-11T00:00:00.000+0000,0.002154578,0.003622295,0.0014204,0.000798686,0.001227161,2275.320068,1
2017-01-12T00:00:00.000+0000,-0.001379429,-0.002018105,-0.005188459,-0.00015664,-0.000932479,2270.439941,0
2017-01-13T00:00:00.000+0000,-0.000115069,0.002056566,0.00344933,-0.003355052,0.000802633,2274.639893,1
2017-01-17T00:00:00.000+0000,-0.00128959,-0.001829269,-0.010800695,-0.001664614,-0.001290686,2267.889893,0
2017-01-18T00:00:00.000+0000,-0.000483236,0.004864704,0.001862122,-0.001587722,0.000765314,2271.889893,1
2017-01-19T00:00:00.000+0000,-0.001588803,-0.000909067,0.004069535,0.000885282,-0.001570338,2263.689941,0
2017-01-20T00:00:00.000+0000,0.002082563,-0.003102005,0.001492581,-0.002706958,0.001459483,2271.310059,1
2017-01-23T00:00:00.000+0000,-0.000600591,0.000239216,-0.00563889,-0.003183463,-0.001169881,2265.199951,0
2017-01-24T00:00:00.000+0000,0.002468498,0.000972624,-0.002375296,0.002924744,0.00284165,2280.070068,1
2017-01-25T00:00:00.000+0000,0.003384735,0.001874304,0.006185603,0.001496758,0.003471773,2298.370117,1
2017-01-27T00:00:00.000+0000,0.000546504,0.005832994,0.009242033,0.002993173,-0.000695955,2294.689941,0
2017-02-01T00:00:00.000+0000,-0.004406332,-0.000788753,-0.007182726,-0.004665,-0.00287488,2279.550049,0
2017-02-02T00:00:00.000+0000,-0.000131662,-0.002500473,-0.005328531,-0.000579047,0.000247612,2280.850098,1
2017-02-03T00:00:00.000+0000,0.004055351,-0.001037283,8.31E-05,-0.001825966,0.003143639,2297.419922,1
2017-02-06T00:00:00.000+0000,-0.000412194,0.004093336,0.001341148,-0.000543934,-0.000919661,2292.560059,0
2017-02-07T00:00:00.000+0000,0.000819395,-0.000310184,-0.001511516,0.000551597,9.85E-05,2293.080078,1
2017-02-08T00:00:00.000+0000,-0.000777815,0.002849015,0.002217849,0.002351656,0.000301002,2294.669922,1
2017-02-09T00:00:00.000+0000,0.002549209,0.000739244,-0.002289263,0.001087556,0.002491141,2307.870117,1
2017-02-10T00:00:00.000+0000,0.002082652,0.000919113,0.010691775,0.004074853,0.001545961,2316.100098,1
2017-02-13T00:00:00.000+0000,0.003048735,0.002498171,0.001794088,0.003096612,0.002272287,2328.25,1
2017-02-14T00:00:00.000+0000,0.001958313,-0.000146017,-0.004941821,-0.00014945,0.001736886,2337.580078,1
2017-02-15T00:00:00.000+0000,0.00226989,0.00531489,0.004469088,0.003587523,0.002162738,2349.25,1
2017-02-16T00:00:00.000+0000,0.000166636,0.002037379,-0.002025628,0.000288977,-0.000375444,2347.219971,0
2017-02-17T00:00:00.000+0000,9.02E-05,-0.001334401,-0.002541922,-0.000889796,0.000728377,2351.159912,1
2017-02-21T00:00:00.000+0000,0.002497598,-0.001268742,0.003302437,-0.001159474,0.002618731,2365.379883,1
2017-02-22T00:00:00.000+0000,0.000682,0.004297935,-3.52E-05,0.001092673,-0.000470248,2362.820068,0
2017-02-23T00:00:00.000+0000,0.000725198,-0.001565822,-0.000188465,-0.00130855,0.000181926,2363.810059,1
2017-02-24T00:00:00.000+0000,0.000238667,-0.002694629,-0.001975633,-0.003408777,0.000648076,2367.340088,1
2017-02-27T00:00:00.000+0000,0.000326919,-0.000737236,-0.00398354,-0.000984249,0.00044188,2369.75,1
2017-02-28T00:00:00.000+0000,-0.000525521,-0.003358791,0.000261749,-0.000963846,-0.001121221,2363.639893,0
2017-03-01T00:00:00.000+0000,0.006283584,0.000653669,0.006192118,-0.000762067,0.005898245,2395.959961,1
2017-03-02T00:00:00.000+0000,-0.002321688,-0.000885326,0.003818361,0.005239422,-0.002552399,2381.919922,0
2017-03-03T00:00:00.000+0000,5.67E-05,-0.003221339,-0.002127994,-0.00339317,0.000218776,2383.120117,1
2017-03-06T00:00:00.000+0000,-0.001063402,0.000802446,-0.002012921,0.000983976,-0.001425625,2375.310059,0
2017-03-07T00:00:00.000+0000,-0.000613503,0.001557799,-0.000784854,0.001004194,-0.001267109,2368.389893,0
2017-03-08T00:00:00.000+0000,-0.001435075,0.001851969,-0.002028032,-0.000179679,-0.000993157,2362.97998,0
2017-03-09T00:00:00.000+0000,5.12E-05,-0.005156596,0.001453574,-0.001425147,0.000347251,2364.870117,1
2017-03-10T00:00:00.000+0000,0.000931607,0.001238373,0.006382991,0.002300432,0.001417251,2372.600098,1
2017-03-13T00:00:00.000+0000,-0.000446928,0.004782953,0.000645063,-0.001242368,0.000159197,2373.469971,1
2017-03-14T00:00:00.000+0000,-0.000918401,-3.14E-05,-0.000536737,0.000262239,-0.001469978,2365.449951,0
2017-03-15T00:00:00.000+0000,0.002343207,-0.000640206,-0.000711931,0.001166923,0.003621964,2385.26001,1
2017-03-16T00:00:00.000+0000,-0.000322446,0.008950289,0.000282964,0.00102965,-0.000707047,2381.379883,0
2017-03-17T00:00:00.000+0000,-0.000413686,0.000386954,-0.00152237,0.000990039,-0.000571175,2378.25,0
2017-03-21T00:00:00.000+0000,-0.005151302,0.005029911,-0.001464286,-0.001586648,-0.006296189,2344.02002,0
2017-03-22T00:00:00.000+0000,-0.000140998,-0.004842719,-0.009352458,-0.006579491,0.000819993,2348.449951,1
2017-03-23T00:00:00.000+0000,-9.92E-05,0.000130143,0.001000791,0.001663676,-0.000460714,2345.959961,0
2017-03-24T00:00:00.000+0000,-0.001260341,0.000545394,0.004014081,0.00316602,-0.000366698,2343.97998,0
2017-03-27T00:00:00.000+0000,-0.000965533,-0.002944155,-0.006289218,-0.000517309,-0.000443027,2341.590088,0
2017-03-28T00:00:00.000+0000,0.003169268,0.002723006,0.004942028,0.005308684,0.003137912,2358.570068,1
2017-03-29T00:00:00.000+0000,-0.000885786,0.000823032,0.000330326,0.003711679,0.000471095,2361.129883,1
2017-03-30T00:00:00.000+0000,0.001451642,-0.001622564,-0.003500172,0.001547554,0.001272835,2368.060059,1
2017-03-31T00:00:00.000+0000,-0.001369657,-0.003399904,-0.003521748,-0.002054863,-0.000980461,2362.719971,0
2017-04-03T00:00:00.000+0000,-0.000273522,0.002691451,0.001695592,0.000433827,-0.000713752,2358.840088,0
2017-04-05T00:00:00.000+0000,-4.33E-05,0.002486781,-0.002799199,0.000455368,-0.00108581,2352.949951,0
2017-04-06T00:00:00.000+0000,0.000311154,-0.002267729,-0.006126616,-0.00136761,0.000837168,2357.48999,1
2017-04-07T00:00:00.000+0000,-0.000143989,-0.000114878,0.0015751,0.000390154,-0.000359367,2355.540039,0
2017-04-10T00:00:00.000+0000,4.04E-05,-9.17E-05,0.003089488,0.003393301,0.000298556,2357.159912,1
2017-04-11T00:00:00.000+0000,-0.000141272,-0.003120762,-0.001156979,0.00114467,-0.000623173,2353.780029,0
2017-04-12T00:00:00.000+0000,-0.001251848,0.004038428,-0.004546913,0.000312965,-0.001636003,2344.929932,0
2017-04-13T00:00:00.000+0000,-0.002933237,-0.000926966,-0.002954139,-0.003139985,-0.002969715,2328.949951,0
2017-04-18T00:00:00.000+0000,0.001484429,-0.006076936,-0.000194484,-0.004212387,0.002461956,2342.189941,1
2017-04-19T00:00:00.000+0000,-0.002521006,-0.001794614,0.000320779,-0.002136521,-0.000746042,2338.169922,0
2017-04-20T00:00:00.000+0000,0.003692418,0.00419215,-4.03E-05,0.001076982,0.003269738,2355.840088,1
2017-04-21T00:00:00.000+0000,-0.000653687,-0.00027017,0.004460282,0.002308365,-0.00132012,2348.689941,0
2017-04-24T00:00:00.000+0000,0.004544253,0.001756973,0.005910058,0.001112799,0.004682449,2374.149902,1
2017-04-26T00:00:00.000+0000,0.004395097,0.007826213,0.00941216,0.002648855,0.00242614,2387.449951,1
2017-04-27T00:00:00.000+0000,0.000129186,0.002116102,-0.000846486,0.000555614,0.000240064,2388.77002,1
2017-04-28T00:00:00.000+0000,-0.000845766,-0.001468086,-0.001245413,0.000233742,-0.000831665,2384.199951,0
2017-05-02T00:00:00.000+0000,0.00019451,0.001426769,0.005596076,0.001734397,0.001267764,2391.169922,1
2017-05-08T00:00:00.000+0000,0.001291405,-0.002083965,0.009935643,-0.00538613,0.001488574,2399.379883,1
2017-05-09T00:00:00.000+0000,-0.00075506,0.005463007,-0.001151874,-0.001719119,-0.000445488,2396.919922,0
2017-05-10T00:00:00.000+0000,-0.000676944,0.002199839,0.001247705,0.002697406,0.000490737,2399.629883,1
2017-05-11T00:00:00.000+0000,-0.000491523,0.001907793,0.001339241,6.61E-05,-0.000940313,2394.439941,0
2017-05-12T00:00:00.000+0000,-0.000473813,0.000531862,-0.001692699,-0.00302975,-0.000642554,2390.899902,0
2017-05-15T00:00:00.000+0000,0.001769805,0.003700229,-0.000306999,-0.000184975,0.002069475,2402.320068,1
2017-05-16T00:00:00.000+0000,-4.53E-05,-0.000610669,0.001090837,0.0010201,-0.000298418,2400.669922,0
2017-05-17T00:00:00.000+0000,-0.007787019,-0.000725836,-0.002293951,-0.004527266,-0.007967336,2357.030029,0
2017-05-18T00:00:00.000+0000,0.001180497,-0.002706032,-0.005758978,-0.003422947,0.001598221,2365.719971,1
2017-05-19T00:00:00.000+0000,0.002970591,0.000662078,0.000818792,-0.000496585,0.002929187,2381.72998,1
2017-05-22T00:00:00.000+0000,0.001874467,0.003718396,0.001935841,0.003172834,0.002235254,2394.02002,1
2017-05-23T00:00:00.000+0000,0.000894488,0.000201961,-0.001436907,-0.000628249,0.000797445,2398.419922,1
2017-05-24T00:00:00.000+0000,0.001542739,0.000433163,0.002862503,0.000658135,0.001079671,2404.389893,1
2017-05-25T00:00:00.000+0000,0.001455291,0.003441069,0.001540392,0.001283417,0.001924842,2415.070068,1
2017-05-26T00:00:00.000+0000,-5.50E-05,0.000143837,-0.0027771,-0.002743081,0.000134849,2415.820068,1
2017-05-31T00:00:00.000+0000,-0.001478207,0.000362012,-0.000800849,-0.002315583,-0.000723285,2411.800049,0
2017-06-01T00:00:00.000+0000,0.002792687,0.002507232,0.004604726,0.000843466,0.003275708,2430.060059,1
2017-06-02T00:00:00.000+0000,0.001273836,0.001927972,0.006882721,0.003641126,0.001607269,2439.070068,1
2017-06-06T00:00:00.000+0000,-0.001437141,0.00122272,-0.004269287,-0.008513487,-0.001737749,2429.330078,0
2017-06-07T00:00:00.000+0000,0.000769003,-0.000384069,0.000102557,-2.28E-05,0.000680552,2433.139893,1
2017-06-08T00:00:00.000+0000,0.000181277,0.001483899,-0.001640763,0.000532289,0.00011603,2433.790039,1
2017-06-09T00:00:00.000+0000,0.00182991,-0.000546422,0.002262719,5.32E-05,-0.000360609,2431.77002,0
2017-06-13T00:00:00.000+0000,0.001151991,-0.00298317,-0.002492037,0.00650851,0.001529636,2440.350098,1
2017-06-14T00:00:00.000+0000,0.000937478,0.00039965,-0.000332536,0.004497906,-0.000432699,2437.919922,0
2017-06-15T00:00:00.000+0000,-0.000297971,-0.0052439,-0.001130681,-0.004879806,-0.000973736,2432.459961,0
2017-06-16T00:00:00.000+0000,0.000495395,0.00103756,0.002433567,0.000845768,0.000123165,2433.149902,1
2017-06-19T00:00:00.000+0000,0.002929043,0.00502211,0.002702536,0.002051466,0.003610109,2453.459961,1
2017-06-20T00:00:00.000+0000,-0.00124946,-0.001367656,0.003506006,-0.003227041,-0.002918094,2437.030029,0
2017-06-21T00:00:00.000+0000,-0.00115694,-0.00250206,-0.001971335,-0.006732416,-0.000253113,2435.610107,0
2017-06-22T00:00:00.000+0000,-0.000258508,-0.000339034,-0.000610274,0.002967247,-0.000197989,2434.5,0
2017-06-23T00:00:00.000+0000,-5.13E-05,-7.58E-05,0.000478294,0.000929286,0.000677369,2438.300049,1
2017-06-26T00:00:00.000+0000,0.000300141,0.003401439,0.000445866,0.000286673,0.000137129,2439.070068,1
2017-06-27T00:00:00.000+0000,-0.002010652,-0.000535821,0.001543221,-0.000445195,-0.003520211,2419.379883,0
2017-06-28T00:00:00.000+0000,0.002923708,-0.002638139,-0.002037836,0.00327925,0.003808546,2440.689941,1
2017-06-29T00:00:00.000+0000,-0.003405554,0.004741144,0.001934988,0.004457767,-0.003751096,2419.699951,0
2017-06-30T00:00:00.000+0000,0.001275312,-0.003372282,-0.004032305,-0.006869672,0.000665364,2423.409912,1
2017-07-03T00:00:00.000+0000,0.002629137,0.000330086,0.000484701,-0.002758874,0.001002425,2429.01001,1
2017-07-05T00:00:00.000+0000,-2.22E-05,-0.004438949,0.000558973,0.005537768,0.000630693,2432.540039,1
2017-07-06T00:00:00.000+0000,-0.003209278,-0.000966761,-0.001897977,-0.000262108,-0.004088008,2409.75,0
2017-07-07T00:00:00.000+0000,0.001916695,-0.002126273,-0.001413538,-0.004033894,0.002771977,2425.179932,1
2017-07-10T00:00:00.000+0000,-0.000118055,0.00272004,0.003297449,0.001434213,0.000402737,2427.429932,1
2017-07-11T00:00:00.000+0000,1.12E-05,0.006383466,0.002469276,0.000421821,-0.000340047,2425.530029,0
2017-07-12T00:00:00.000+0000,0.002489399,0.002777017,-0.002093118,-0.003841517,0.003161252,2443.25,1
2017-07-13T00:00:00.000+0000,0.000422332,0.005015795,3.09E-05,0.004638837,0.000813359,2447.830078,1
2017-07-14T00:00:00.000+0000,0.001702363,0.000709238,0.000411391,0.002218745,0.002024949,2459.27002,1
2017-07-18T00:00:00.000+0000,-0.001266524,0.002227675,-0.00257531,-0.005303266,0.000236588,2460.610107,1
2017-07-19T00:00:00.000+0000,0.001326929,0.002403789,0.00045467,0.00310705,0.002327062,2473.830078,1
2017-07-20T00:00:00.000+0000,-0.000581784,0.001106639,0.002675714,0.001971859,-6.67E-05,2473.449951,0
2017-07-21T00:00:00.000+0000,-0.000637668,-0.000554523,-0.000967774,-0.002588466,-0.000159794,2472.540039,0
2017-07-24T00:00:00.000+0000,-0.001348448,0.002282708,-0.002689303,-0.002505596,-0.00046222,2469.909912,0
2017-07-25T00:00:00.000+0000,0.00201928,8.44E-05,-0.000445285,0.00281399,0.001267665,2477.129883,1
2017-07-26T00:00:00.000+0000,0.001956335,0.001436567,0.002061778,0.003594616,0.000122742,2477.830078,1
2017-07-27T00:00:00.000+0000,0.001707751,0.003054495,0.00063809,0.000663273,-0.000422639,2475.419922,0
2017-07-28T00:00:00.000+0000,0.00067214,-0.002436385,-0.002598884,-0.005771988,-0.00058283,2472.100098,0
2017-07-31T00:00:00.000+0000,0.001208051,0.005511985,-0.000754806,0.001408815,-0.000316345,2470.300049,0
2017-08-01T00:00:00.000+0000,0.001441887,0.003423449,0.001319053,0.003498512,0.001062337,2476.350098,1
2017-08-02T00:00:00.000+0000,0.001033304,0.001057636,0.002043254,-0.001951795,0.000213902,2477.570068,1
2017-08-03T00:00:00.000+0000,0.000194443,-0.001203066,-0.001099654,-0.000577509,-0.000949386,2472.159912,0
2017-08-04T00:00:00.000+0000,0.001313369,0.000499298,-0.001671278,-0.001014347,0.000819653,2476.830078,1
2017-08-07T00:00:00.000+0000,0.000503131,0.002007154,0.002248332,0.003834539,0.000714781,2480.909912,1
2017-08-08T00:00:00.000+0000,-0.000650012,0.00257317,-0.001298612,-0.002152738,-0.001049843,2474.919922,0
2017-08-09T00:00:00.000+0000,-0.000721113,-0.001527831,-0.005624553,0.001548347,-0.000157942,2474.02002,0
2017-08-10T00:00:00.000+0000,-0.004050611,-0.00492652,-0.00019742,-0.000433271,-0.006332108,2438.209961,0
2017-08-14T00:00:00.000+0000,0.002966151,-0.003077231,-0.004261277,-0.002398346,0.004893808,2465.840088,1
2017-08-15T00:00:00.000+0000,0.000104234,-0.001201251,0.004779801,0.001904763,-0.000216684,2464.610107,0
2017-08-16T00:00:00.000+0000,0.00051059,0.003725376,-0.000528671,0.002000727,0.000616305,2468.110107,1
2017-08-17T00:00:00.000+0000,-0.00543949,-0.001028754,-0.000587,-0.000268192,-0.006756468,2430.01001,0
2017-08-18T00:00:00.000+0000,-0.001524563,-0.004737292,-0.00514912,-0.002144277,-0.000797822,2425.550049,0
2017-08-21T00:00:00.000+0000,0.000585495,0.001716426,-0.001727172,-0.001387823,0.00050464,2428.370117,1
2017-08-22T00:00:00.000+0000,0.003907168,0.003932346,-0.000208115,0.001859408,0.004295909,2452.51001,1
2017-08-24T00:00:00.000+0000,-0.002316272,0.001849299,-0.000674248,-0.000231964,-0.002404335,2438.969971,0
2017-08-25T00:00:00.000+0000,0.000603063,0.005170179,0.002212301,0.000127215,0.000725911,2443.050049,1
2017-08-28T00:00:00.000+0000,-0.000104925,0.000235873,-6.05E-05,-0.002416358,0.000211481,2444.23999,1
2017-08-29T00:00:00.000+0000,0.001133002,-0.00153455,-0.001954812,-0.002838741,0.000365879,2446.300049,1
2017-08-30T00:00:00.000+0000,0.00053715,0.005125168,0.003217652,1.51E-05,0.001999723,2457.590088,1
2017-08-31T00:00:00.000+0000,0.001102959,-0.001925861,0.003099229,0.003207201,0.002477508,2471.649902,1
2017-09-01T00:00:00.000+0000,0.000780126,-0.000266224,0.000998703,0.000736216,0.000860154,2476.550049,1
2017-09-05T00:00:00.000+0000,-0.004651689,-0.003303327,-0.006794189,-0.001375765,-0.003291717,2457.850098,0
2017-09-06T00:00:00.000+0000,0.001083322,-0.002002043,-0.000624136,-0.00112336,0.001356667,2465.540039,1
2017-09-07T00:00:00.000+0000,-0.000455517,-0.001431036,0.00086398,6.79E-05,-7.75E-05,2465.100098,0
2017-09-08T00:00:00.000+0000,0.000259281,0.002290649,-0.00273347,-0.001088261,-0.000647081,2461.429932,0
2017-09-11T00:00:00.000+0000,0.005141266,0.004476374,0.006062436,0.002986208,0.004682118,2488.110107,1
2017-09-12T00:00:00.000+0000,0.001209016,0.00026572,0.005099276,0.002054249,0.001458492,2496.47998,1
2017-09-13T00:00:00.000+0000,0.000771352,-0.001215206,0.001954453,-0.00017954,0.000328689,2498.370117,1
2017-09-14T00:00:00.000+0000,0.000886977,-0.00182359,-0.001278166,-0.000419239,-0.000478299,2495.620117,0
2017-09-15T00:00:00.000+0000,0.001266784,0.000474895,0.002232016,-0.003202484,0.000801481,2500.22998,1
2017-09-19T00:00:00.000+0000,0.00199369,0.003791349,0.008422438,0.001250731,0.001113723,2506.649902,1
2017-09-20T00:00:00.000+0000,0.000810513,0.001181079,0.000236988,-0.000203164,0.000275406,2508.23999,1
2017-09-21T00:00:00.000+0000,-0.001035191,-0.000269832,0.000790861,-0.00400783,-0.001324844,2500.600098,0
2017-09-22T00:00:00.000+0000,-0.000187295,-0.003564931,-0.001090574,0.001811877,0.000281242,2502.219971,1
2017-09-25T00:00:00.000+0000,-0.001040852,-0.005962954,0.00215858,8.32E-05,-0.000966098,2496.659912,0
2017-09-26T00:00:00.000+0000,-0.000229313,0.000200042,-0.001437221,-0.000916201,3.13E-05,2496.840088,1
2017-09-27T00:00:00.000+0000,0.001097597,0.002038111,-0.00135087,-0.000310892,0.001770541,2507.040039,1
2017-09-28T00:00:00.000+0000,0.000786364,-0.003483428,0.002053538,0.000454878,0.000522843,2510.060059,1
2017-09-29T00:00:00.000+0000,0.000463337,0.00209661,-0.000145693,0.001014169,0.001606135,2519.360107,1
2017-10-04T00:00:00.000+0000,0.004944658,0.012810443,0.005730512,-0.001916801,0.003156875,2537.73999,1
2017-10-06T00:00:00.000+0000,0.002141674,0.001205133,0.0013465,0.004366765,0.001978947,2549.330078,1
2017-10-10T00:00:00.000+0000,0.001085819,0.000500131,0.002778518,0.002226882,0.000223078,2550.639893,1
2017-10-11T00:00:00.000+0000,0.000802212,-0.001546283,0.001202968,0.002513009,0.000782548,2555.23999,1
2017-10-12T00:00:00.000+0000,-0.000605754,0.001061263,0.001524977,0.001729054,-0.000733166,2550.929932,0
2017-10-13T00:00:00.000+0000,0.00058354,0.000265455,0.004134842,0.001522967,0.00038119,2553.169922,1
2017-10-16T00:00:00.000+0000,0.001615556,0.003287405,0.002055844,0.002391921,0.000759678,2557.639893,1
2017-10-17T00:00:00.000+0000,0.000765089,7.10E-05,0.001642865,0.002991532,0.000291999,2559.360107,1
2017-10-18T00:00:00.000+0000,0.003014057,0.000215895,0.000547845,-0.00024063,0.000322272,2561.26001,1
2017-10-19T00:00:00.000+0000,0.000101999,-0.008441198,0.001734048,0.000364506,0.000142424,2562.100098,1
2017-10-20T00:00:00.000+0000,0.003093712,0.005031765,0.000184647,0.00064081,0.00221655,2575.209961,1
2017-10-23T00:00:00.000+0000,-0.00101895,-0.002773704,0.004810724,-0.000830287,-0.001728664,2564.97998,0
2017-10-24T00:00:00.000+0000,0.00311991,-0.002321595,0.002166784,0.000386197,0.000702081,2569.129883,1
2017-10-25T00:00:00.000+0000,-0.002085507,0.002275713,-0.001947282,0.000742323,-0.002029873,2557.149902,0
2017-10-26T00:00:00.000+0000,0.001327103,-0.00154502,0.000642937,0.000711992,0.000551614,2560.399902,1
2017-10-27T00:00:00.000+0000,0.00061813,0.003626251,0.005334311,-0.000959316,0.003491993,2581.070068,1
2017-10-30T00:00:00.000+0000,-0.001586483,-0.001570577,6.35E-05,0.001046434,-0.00138869,2572.830078,0
2017-11-01T00:00:00.000+0000,0.001601685,0.003934385,0.007984168,0.001579346,0.001100874,2579.360107,1
2017-11-02T00:00:00.000+0000,0.00150311,-0.001147012,0.00229978,-0.000238695,8.25E-05,2579.850098,1
2017-11-03T00:00:00.000+0000,0.000423255,0.001292018,0,0.002028428,0.001342964,2587.840088,1
2017-11-06T00:00:00.000+0000,0.000170267,-0.000103389,0.000177821,-0.000223287,0.000551747,2591.129883,1
2017-11-07T00:00:00.000+0000,0.000162459,0.005995775,0.007433208,0.004316216,-8.21E-05,2590.639893,0
2017-11-08T00:00:00.000+0000,0.000112976,-0.001301194,-0.000450464,0.00012128,0.000626519,2594.379883,1
2017-11-09T00:00:00.000+0000,-0.001873297,0.003426399,-0.000855818,0.00236858,-0.001636848,2584.620117,0
2017-11-10T00:00:00.000+0000,-0.000736022,-0.000233339,-0.003571446,-0.001285838,-0.000390017,2582.300049,0
2017-11-13T00:00:00.000+0000,0.000324147,0.000912637,-0.005790941,-0.0005054,0.000426977,2584.840088,1
2017-11-14T00:00:00.000+0000,-0.00056044,-0.000447597,-1.90E-05,-0.003468396,-0.001004211,2578.870117,0
2017-11-15T00:00:00.000+0000,-0.002571336,-0.004498881,-0.006878889,-0.00262143,-0.002406425,2564.620117,0
2017-11-16T00:00:00.000+0000,0.003477377,0.002507598,0.006317891,0.000808286,0.003544995,2585.639893,1
2017-11-17T00:00:00.000+0000,-0.001857515,0.002689712,0.000886713,0.001065758,-0.001141941,2578.850098,0
2017-11-20T00:00:00.000+0000,0.001338286,0.000910372,-0.002626495,-0.000741429,0.000553669,2582.139893,1
2017-11-21T00:00:00.000+0000,0.002964816,0.008200603,0.003007935,0.001165597,0.00283153,2599.030029,1
2017-11-22T00:00:00.000+0000,-0.001191813,0.002692244,0.00206171,0.001678109,-0.000325957,2597.080078,0
2017-11-24T00:00:00.000+0000,0.000586828,-0.00199006,0.000533772,-0.000322211,0.000892034,2602.419922,1
2017-11-27T00:00:00.000+0000,0.000419916,-0.002627264,-0.001057794,0.000522564,-0.000166913,2601.419922,0
2017-11-28T00:00:00.000+0000,0.004688176,-7.81E-05,-0.000188269,-0.000264769,0.00425623,2627.040039,1
2017-11-29T00:00:00.000+0000,0.001890146,-0.00083512,0.002137768,0.002099556,-0.000160382,2626.070068,0
2017-11-30T00:00:00.000+0000,0.005975343,-0.006595369,0.002448531,-0.002780162,0.003542795,2647.580078,1
2017-12-01T00:00:00.000+0000,-0.00072991,-0.001537465,0.001794021,0.001310098,-0.000880134,2642.219971,0
2017-12-04T00:00:00.000+0000,0.001046513,0.000955527,-0.002134343,-0.000350401,-0.000457186,2639.439941,0
2017-12-05T00:00:00.000+0000,-0.00196062,-0.004426472,-0.001624513,-0.000952555,-0.001627037,2629.570068,0
2017-12-06T00:00:00.000+0000,-0.000714163,-0.009406545,-0.008634748,-0.001968967,-4.96E-05,2629.27002,0
2017-12-07T00:00:00.000+0000,0.001267706,0.001204493,0.006240917,0.002219836,0.001271643,2636.97998,1
2017-12-08T00:00:00.000+0000,0.002105771,0.005135355,0.006001371,0.001187875,0.002384799,2651.5,1
2017-12-11T00:00:00.000+0000,0.001013974,0.004907134,0.002423529,0.000321454,0.001388371,2659.98999,1
2017-12-12T00:00:00.000+0000,0.002110085,-0.002577664,-0.001375952,0.000799045,0.000672168,2664.110107,1
2017-12-13T00:00:00.000+0000,0.001426627,0.006411213,-0.002057992,0.00071218,-0.000205451,2662.850098,0
2017-12-14T00:00:00.000+0000,-0.001358233,-0.000828874,-0.001215788,-0.000477046,-0.00177156,2652.01001,0
2017-12-15T00:00:00.000+0000,0.002528013,-0.004765187,-0.002711077,-0.000663004,0.003880123,2675.810059,1
2017-12-18T00:00:00.000+0000,0.00246747,0.003034913,0.00666047,0.003050031,0.002322815,2690.159912,1
2017-12-19T00:00:00.000+0000,-0.000656508,0.003027943,-0.000640856,0.0023458,-0.001405159,2681.469971,0
2017-12-20T00:00:00.000+0000,-0.000493256,-0.000290634,0.000450255,0.000331042,-0.000359698,2679.25,0
2017-12-21T00:00:00.000+0000,0.00097613,0.001970901,-0.000486348,-0.000817556,0.000861504,2684.570068,1
2017-12-22T00:00:00.000+0000,-0.000494969,0.003108469,0.000695727,0.0007753,-0.000199025,2683.340088,0
2017-12-27T00:00:00.000+0000,0.000354957,0.000288431,0.000160226,0.000169,-0.000116542,2682.620117,0
2017-12-28T00:00:00.000+0000,0.001106645,0.003886394,-0.002418444,0.001384483,0.000795766,2687.540039,1
2017-12-29T00:00:00.000+0000,-0.002073276,0.000805484,-0.0003631,-0.001553483,-0.002256869,2673.610107,0
2018-01-04T00:00:00.000+0000,0.006208433,0.01170488,0.013918331,0.001272722,0.008107433,2723.98999,1
2018-01-05T00:00:00.000+0000,0.003806398,0.001102971,0.003829679,0.003099364,0.003044033,2743.149902,1
2018-01-09T00:00:00.000+0000,0.001541262,0.002764408,0.002473697,0.000821828,0.001286835,2751.290039,1
2018-01-10T00:00:00.000+0000,-0.000285279,0.000871743,-0.001126639,-0.002484208,-0.000483303,2748.22998,0
2018-01-11T00:00:00.000+0000,0.003505477,0.000651782,-0.001422142,-0.002083402,0.003043981,2767.560059,1
2018-01-12T00:00:00.000+0000,0.003862326,0.004058002,-0.001038131,4.22E-05,0.002921467,2786.23999,1
2018-01-16T00:00:00.000+0000,-0.000173901,0.006752304,0.005437054,-0.000767056,-0.001533369,2776.419922,0
2018-01-17T00:00:00.000+0000,0.005401356,0.001069422,-0.001516135,-0.002231472,0.004069776,2802.560059,1
2018-01-18T00:00:00.000+0000,-0.001630099,0.001876992,-0.001914198,-0.000276192,-0.000702557,2798.030029,0
2018-01-19T00:00:00.000+0000,0.000898948,0.001793814,0.000816004,-0.000787074,0.00190032,2810.300049,1
2018-01-22T00:00:00.000+0000,0.002373534,0.001861096,0.000150822,-0.000930692,0.00348928,2832.969971,1
2018-01-23T00:00:00.000+0000,-6.28E-05,0.007144282,0.005577187,0.00315352,0.00094329,2839.129883,1
2018-01-24T00:00:00.000+0000,0.000683915,0.000369008,-0.003313744,0.001276118,-0.000243263,2837.540039,0
2018-01-25T00:00:00.000+0000,0.00232092,-0.004027597,-0.004949378,-0.000288716,0.000261636,2839.25,1
2018-01-29T00:00:00.000+0000,0.00076763,0.004135624,-0.000737316,0.001610277,0.002178813,2853.530029,1
2018-01-30T00:00:00.000+0000,-0.005997112,-0.004763294,-0.006245353,-0.003686448,-0.004759278,2822.429932,0
2018-01-31T00:00:00.000+0000,0.001205767,0.003713124,-0.003626423,0.000792096,0.000212312,2823.810059,1
2018-02-01T00:00:00.000+0000,0.000619382,-0.003249862,0.007231267,0.003679725,-0.000281553,2821.97998,0
2018-02-02T00:00:00.000+0000,-0.011183931,-0.000536653,-0.003930172,0.00216648,-0.009309832,2762.129883,0
2018-02-05T00:00:00.000+0000,-0.020473865,-0.004775949,-0.011198027,-0.007126994,-0.018171985,2648.939941,0
2018-02-06T00:00:00.000+0000,0.009998852,-0.022808936,-0.021023285,-0.014277742,0.007509201,2695.139893,1
2018-02-07T00:00:00.000+0000,-0.000338672,-0.003881399,0.000705402,0.003740752,-0.002177613,2681.659912,0
2018-02-08T00:00:00.000+0000,-0.018404509,0.001830384,0.004897814,0.000993583,-0.016615695,2581,0
2018-02-09T00:00:00.000+0000,0.005973204,-0.013674166,-0.010201911,-0.004200067,0.006438696,2619.550049,1
2018-02-13T00:00:00.000+0000,0.007996588,0.004860731,-0.002810713,0.001423977,0.007134671,2662.939941,1
2018-02-14T00:00:00.000+0000,0.004437171,0.00972994,-0.001854199,-0.001241155,0.005781954,2698.629883,1
2018-02-15T00:00:00.000+0000,0.005321111,0.008453895,0.006334509,0.00499409,0.005210171,2731.199951,1
2018-02-20T00:00:00.000+0000,-0.004079681,-0.003388096,0.009211077,0.002658881,-0.002382156,2716.26001,0
2018-02-21T00:00:00.000+0000,-0.002914431,0.007782797,0.000904504,0.000122084,-0.002393686,2701.330078,0
2018-02-22T00:00:00.000+0000,0.002874948,-0.006489887,-0.004657673,0.000746276,0.000422602,2703.959961,1
2018-02-23T00:00:00.000+0000,0.00600424,0.004207957,0.003112493,0.003392134,0.006905837,2747.300049,1
2018-02-26T00:00:00.000+0000,0.00679776,0.003202672,0.005144016,0.00289972,0.005076224,2779.600098,1
2018-02-27T00:00:00.000+0000,-0.005084572,-0.003181974,0.004606451,0.000931715,-0.005553893,2744.280029,0
2018-02-28T00:00:00.000+0000,-0.006558211,-0.00592843,-0.006283663,-0.002971578,-0.004845774,2713.830078,0
2018-03-01T00:00:00.000+0000,-0.007353333,0.00280033,-0.006818499,-0.00296343,-0.005825611,2677.669922,0
2018-03-02T00:00:00.000+0000,-0.001253388,-0.006494708,-0.010989609,-0.003394281,0.002197003,2691.25,1
2018-03-05T00:00:00.000+0000,0.005918661,-0.010012995,-0.002870725,-0.002311466,0.004764913,2720.939941,1
2018-03-06T00:00:00.000+0000,0.000163377,0.008979137,0.007685172,0.004689521,0.001144532,2728.120117,1
2018-03-07T00:00:00.000+0000,-0.001446787,-0.004489958,-0.003359508,-0.004038177,-0.000210195,2726.800049,0
2018-03-08T00:00:00.000+0000,0.001640325,0.006531866,0.002350769,0.002969314,0.001933978,2738.969971,1
2018-03-09T00:00:00.000+0000,0.007617787,0.004814094,0.002050542,0.001613054,0.007482697,2786.570068,1
2018-03-12T00:00:00.000+0000,-0.002701857,0.008300543,0.00711909,0.00230519,-0.000553637,2783.02002,0
2018-03-13T00:00:00.000+0000,-0.002969637,9.78E-05,0.002857553,-0.001733101,-0.002772497,2765.310059,0
2018-03-14T00:00:00.000+0000,-0.004344454,-0.0022934,-0.003788673,-0.002472536,-0.002493272,2749.47998,0
2018-03-15T00:00:00.000+0000,0.002022048,0.00146323,0.000531346,-0.001079422,-0.000339721,2747.330078,0
2018-03-16T00:00:00.000+0000,0.001270096,-0.000539107,-0.002545806,0.001962537,0.000739168,2752.01001,1
2018-03-19T00:00:00.000+0000,-0.005882118,0.000162497,-0.003936875,0.000702369,-0.006213034,2712.919922,0
2018-03-20T00:00:00.000+0000,0.002048488,0.000498176,-0.002025063,-0.001714893,0.000643064,2716.939941,1
2018-03-22T00:00:00.000+0000,-0.013727585,-0.006642455,0.004265257,0.000172538,-0.01186952,2643.689941,0
2018-03-23T00:00:00.000+0000,-0.007767607,-0.010780191,-0.020049102,-0.008285531,-0.009202616,2588.26001,0
2018-03-26T00:00:00.000+0000,0.012181045,0.003417972,0.00311136,-0.002026405,0.011636938,2658.550049,1
2018-03-27T00:00:00.000+0000,-0.006233244,0.003427675,0.011377678,0.00310185,-0.007568574,2612.620117,0
2018-03-28T00:00:00.000+0000,-0.000169162,-0.01097412,-0.005866275,-0.003263761,-0.001268539,2605,0
2018-03-29T00:00:00.000+0000,0.004613461,0.001023704,0.002630446,-0.002236432,0.005939315,2640.870117,1
2018-04-03T00:00:00.000+0000,-0.001258591,0.001249687,0.002725571,-0.000725785,-0.00436671,2614.449951,0
2018-04-04T00:00:00.000+0000,0.0041533,-0.009623597,0.000555696,0.00034084,0.004994431,2644.689941,1
2018-04-06T00:00:00.000+0000,-0.005974999,0.00477363,0.00502215,0.001714894,-0.006655409,2604.469971,0
2018-04-09T00:00:00.000+0000,0.00084009,0.005561412,0.002224216,0.0013112,0.001446633,2613.159912,1
2018-04-10T00:00:00.000+0000,0.007699323,0.007112642,0.002318913,0.001549124,0.007204337,2656.870117,1
2018-04-11T00:00:00.000+0000,-0.003906215,0.00238155,-0.002141855,0,-0.002406289,2642.189941,0
2018-04-13T00:00:00.000+0000,-0.002185742,-0.000322671,0.002368703,0.000976039,-0.001255458,2656.300049,0
2018-04-16T00:00:00.000+0000,0.00377908,-0.007002852,0.001130969,0.00060797,0.003507508,2677.840088,1
2018-04-17T00:00:00.000+0000,0.003758628,-0.003637317,0.00023981,9.51E-05,0.004605724,2706.389893,1
2018-04-18T00:00:00.000+0000,-0.000676158,0.003188117,0.006130929,0.001607066,0.000360908,2708.639893,1
2018-04-19T00:00:00.000+0000,-0.001462147,0.006040924,0.000645927,0.001463101,-0.002493972,2693.129883,0
2018-04-20T00:00:00.000+0000,-0.003570554,-0.004122379,-0.000566732,-0.000872896,-0.003723284,2670.139893,0
2018-04-23T00:00:00.000+0000,-0.000253056,-0.002346818,-0.001456497,0.000843834,2.44E-05,2670.290039,1
2018-04-24T00:00:00.000+0000,-0.007607899,0.005446916,0.00372136,0.002420517,-0.005850332,2634.560059,0
2018-04-26T00:00:00.000+0000,0.005357668,-0.009003051,0.000808067,-0.000462762,0.005305132,2666.939941,1
2018-04-27T00:00:00.000+0000,-0.000199145,0.003933064,0.002875296,0.002877057,0.000483372,2669.909912,1
2018-05-02T00:00:00.000+0000,-0.006954616,0.006310593,9.49E-05,0.006689506,-0.005605587,2635.669922,0
2018-05-07T00:00:00.000+0000,0.007777915,-0.010437924,-0.000108605,0.002744259,0.0060478,2672.629883,1
2018-05-08T00:00:00.000+0000,5.15E-05,0.005875585,0.000802028,0.000534143,-0.000115382,2671.919922,0
2018-05-09T00:00:00.000+0000,0.003238446,0.001900414,-0.001930042,0.001486474,0.004184709,2697.790039,1
2018-05-10T00:00:00.000+0000,0.003471941,0.003866566,0.001707909,0.00080423,0.00405067,2723.070068,1
2018-05-11T00:00:00.000+0000,0.00160575,0.00438763,0.005015185,3.49E-05,0.000740967,2727.719971,1
2018-05-14T00:00:00.000+0000,0.001191877,0.005808218,0.002044266,0.001297513,0.000383525,2730.129883,1
2018-05-15T00:00:00.000+0000,-0.003379412,-0.005390218,-0.000909581,-0.002535826,-0.002981716,2711.449951,0
2018-05-16T00:00:00.000+0000,0.001097593,-0.00058355,-0.001922564,0.000658079,0.001759909,2722.459961,1
2018-05-17T00:00:00.000+0000,-0.000964541,-0.0023523,0.002309704,-0.000763185,-0.00037186,2720.129883,0
2018-05-18T00:00:00.000+0000,1.95E-05,0.00148188,0.001745773,-0.000441744,-0.001144655,2712.969971,0
2018-05-23T00:00:00.000+0000,0.003007048,-0.005380331,-0.004581337,-0.003564206,0.003240732,2733.290039,1
2018-05-24T00:00:00.000+0000,-0.001311674,0.00134008,-0.004864547,0.000268706,-0.00087956,2727.76001,0
2018-05-25T00:00:00.000+0000,-0.001028149,-0.002440486,0.000266632,-0.000219185,-0.001024936,2721.330078,0
2018-05-29T00:00:00.000+0000,-0.006926298,-0.001471419,-0.001790311,-0.001367041,-0.005051528,2689.860107,0
2018-05-30T00:00:00.000+0000,0.005426934,-0.006137634,-0.006653183,-0.001983874,0.005479005,2724.01001,1
2018-05-31T00:00:00.000+0000,-0.004458387,0.005909353,0.003600469,0.00211154,-0.002998079,2705.27002,0
2018-06-01T00:00:00.000+0000,0.003884618,0.000346937,-0.000596453,-0.001385197,0.004686385,2734.620117,1
2018-06-04T00:00:00.000+0000,0.003135057,0.007134526,0.005925723,0.002454817,0.00194112,2746.870117,1
2018-06-05T00:00:00.000+0000,-0.000240004,0.001335501,0.001227177,-0.002134764,0.000305025,2748.800049,1
2018-06-06T00:00:00.000+0000,0.006024319,0.002307563,0.001657579,0.002049844,0.003704923,2772.350098,1
2018-06-07T00:00:00.000+0000,0.001637956,0.003508198,0.003775064,0.0022585,-0.000310279,2770.370117,0
2018-06-08T00:00:00.000+0000,0.001290553,-0.007708807,-0.002457054,-0.00088789,0.001355446,2779.030029,1
2018-06-12T00:00:00.000+0000,7.21E-05,0.002027271,0.003504073,0.000563946,0.001220369,2786.850098,1
2018-06-13T00:00:00.000+0000,-0.002055023,-0.005309108,0.00166787,-0.002238925,-0.001752055,2775.629883,0
2018-06-14T00:00:00.000+0000,-0.000446371,-0.004046945,-0.004328662,-0.000247911,0.001072056,2782.48999,1
2018-06-15T00:00:00.000+0000,-0.001465859,-0.00186844,0.002155563,0.005330627,-0.000441947,2779.659912,0
2018-06-19T00:00:00.000+0000,-0.006808316,-0.012225755,-0.011033898,0.000251889,-0.002675215,2762.590088,0
2018-06-20T00:00:00.000+0000,-0.000746323,0.003347562,0.005365539,0.004571394,0.000742943,2767.320068,1
2018-06-21T00:00:00.000+0000,-0.003467718,-0.00589136,0.002641556,0.004016572,-0.002764601,2749.76001,0
2018-06-22T00:00:00.000+0000,0.002110993,0.000631775,-0.00338541,-0.000741256,0.000807876,2754.879883,1
2018-06-25T00:00:00.000+0000,-0.005835715,-0.005621443,-0.00346004,-0.000921479,-0.00600183,2717.070068,0
2018-06-26T00:00:00.000+0000,0.000542397,-0.001201164,7.48E-05,-0.001144266,0.000956382,2723.060059,1
2018-06-27T00:00:00.000+0000,-0.002970391,-0.007969301,-0.001367324,-0.000110456,-0.003752993,2699.629883,0
2018-06-28T00:00:00.000+0000,0.001769414,0.002155078,-2.69E-05,0.001055012,0.002675115,2716.310059,1
2018-06-29T00:00:00.000+0000,0.000991691,0.006921186,0.000664848,-0.001110234,0.000329245,2718.370117,1
2018-07-03T00:00:00.000+0000,-0.001731755,-0.006186486,-0.010224372,0.000903568,-0.000823582,2713.219971,0
2018-07-05T00:00:00.000+0000,0.00325591,-0.005565529,-0.004781696,6.90E-06,0.003727922,2736.610107,1
2018-07-06T00:00:00.000+0000,0.001774794,0.002052867,0.004833555,0.003622993,0.003667842,2759.820068,1
2018-07-09T00:00:00.000+0000,0.005647574,0.005681779,0.005231353,0.000730512,0.003814969,2784.169922,1
2018-07-10T00:00:00.000+0000,0.002500584,-9.46E-05,0.002840619,-0.001612911,0.001505807,2793.840088,1
2018-07-11T00:00:00.000+0000,-0.003837264,-0.005647431,-0.005209728,-0.002926654,-0.003091954,2774.02002,0
2018-07-12T00:00:00.000+0000,0.00392841,0.002586857,0.005034978,0.003405683,0.003783135,2798.290039,1
2018-07-13T00:00:00.000+0000,0.001643806,0.000679701,0.007940112,0.000143612,0.000468454,2801.310059,1
2018-07-16T00:00:00.000+0000,0.000779542,0.000216454,0,-0.001726391,-0.000446743,2798.429932,0
2018-07-17T00:00:00.000+0000,0.000961135,-0.005481923,0.001917829,-0.002637103,0.001722336,2809.550049,1
2018-07-18T00:00:00.000+0000,0.001370544,-0.000991407,0.00184882,0.002801812,0.000937287,2815.620117,1
2018-07-19T00:00:00.000+0000,-0.002329243,-0.001649034,-0.00056261,0.001773591,-0.001720165,2804.48999,0
2018-07-20T00:00:00.000+0000,-0.000110576,0.003299523,-0.001276232,0.001528096,-0.000412101,2801.830078,0
2018-07-23T00:00:00.000+0000,-0.000239762,0.000486557,-0.005795651,-0.003919694,0.000797522,2806.97998,1
2018-07-24T00:00:00.000+0000,0.003414013,0.00620262,0.002195104,0.002405279,0.002071376,2820.399902,1
2018-07-25T00:00:00.000+0000,0.002952007,0.003896677,0.001997424,-0.000923529,0.003934897,2846.070068,1
2018-07-26T00:00:00.000+0000,0.001926247,-0.002103808,-0.000526153,-0.000280875,-0.00131891,2837.439941,0
2018-07-27T00:00:00.000+0000,-0.00129509,0.000349012,0.002413685,0.003677961,-0.002859323,2818.820068,0
2018-07-30T00:00:00.000+0000,-0.002468135,-0.001074063,-0.003222566,-0.001545196,-0.002506222,2802.600098,0
2018-07-31T00:00:00.000+0000,0.001855602,-0.002274993,0.000171044,-0.000177306,0.002116246,2816.290039,1
2018-08-01T00:00:00.000+0000,-0.001392666,-0.003696768,0.003700187,-0.000279794,-0.000452054,2813.360107,0
2018-08-02T00:00:00.000+0000,-0.000131337,-0.009703193,-0.004494094,-0.002354604,0.002134275,2827.219971,1
2018-08-03T00:00:00.000+0000,0.002333059,-0.000599648,0.000243973,-8.93E-05,0.002012274,2840.350098,1
2018-08-06T00:00:00.000+0000,0.000674894,0.002241917,-0.000344472,0.002232184,0.00153392,2850.399902,1
2018-08-07T00:00:00.000+0000,0.002152837,0.006650982,0.002988629,-0.001244783,0.001224798,2858.449951,1
2018-08-08T00:00:00.000+0000,-0.000765936,0.001691819,-0.000353319,0.000964673,-0.000113965,2857.699951,0
2018-08-09T00:00:00.000+0000,-0.001266845,0.003783816,-0.000881591,0.001956958,-0.000626563,2853.580078,0
2018-08-10T00:00:00.000+0000,-0.003351326,-0.003669304,-0.005810041,-0.001144478,-0.003100564,2833.280029,0
2018-08-13T00:00:00.000+0000,-0.002157533,-0.00663449,-0.008668381,-0.001742908,-0.001743274,2821.929932,0
2018-08-14T00:00:00.000+0000,0.001930648,-0.002864253,0.009796567,0.003064242,0.002765991,2839.959961,1
2018-08-15T00:00:00.000+0000,-0.002366909,-0.006771078,-0.002960121,0.002001533,-0.003314192,2818.370117,0
2018-08-16T00:00:00.000+0000,0.006787041,-0.003567496,-0.000238327,-0.000209904,0.003425808,2840.689941,1
2018-08-17T00:00:00.000+0000,0.001875091,0.001812706,0.001530436,0.000920094,0.001440818,2850.129883,1
2018-08-20T00:00:00.000+0000,0.001509394,0.00609495,-0.001394233,0.000601056,0.001053197,2857.050049,1
2018-08-21T00:00:00.000+0000,0.001070975,0.002428717,0.000405375,-0.003530462,0.000897426,2862.959961,1
2018-08-22T00:00:00.000+0000,-0.001494199,0.002726671,0.002782553,-0.000626426,-0.00017295,2861.820068,0
2018-08-23T00:00:00.000+0000,-0.001294996,-0.002137556,0.000936414,-0.000920831,-0.000735128,2856.97998,0
2018-08-24T00:00:00.000+0000,0.002251686,-0.001857255,0.003684689,-0.000163901,0.002683812,2874.689941,1
2018-08-27T00:00:00.000+0000,0.004344507,0.009306816,0.003785559,0.001581871,0.003318506,2896.73999,1
2018-08-28T00:00:00.000+0000,0.000239656,0.001232555,0.00026336,0.00220632,0.00011693,2897.52002,1
2018-08-29T00:00:00.000+0000,0.001007764,0.000991794,0.000661024,0.002928909,0.002469069,2914.040039,1
2018-08-30T00:00:00.000+0000,-0.002294348,-0.003874542,0.000404284,0.000235344,-0.001928342,2901.129883,0
2018-08-31T00:00:00.000+0000,-0.000369487,-0.004269172,-8.26E-05,-0.002203789,5.84E-05,2901.52002,1
2018-09-04T00:00:00.000+0000,-0.000206449,0.001318375,-0.003207511,-0.001957026,-0.000719058,2896.719971,0
2018-09-05T00:00:00.000+0000,0.00037652,-0.011475847,-0.002226649,-0.004070849,-0.001219092,2888.600098,0
2018-09-06T00:00:00.000+0000,0.000348949,-0.004309914,-0.001790239,-0.004919351,-0.00158908,2878.050049,0
2018-09-07T00:00:00.000+0000,-0.001327337,-2.17E-05,-0.003507317,-0.001075322,-0.000962309,2871.679932,0
2018-09-10T00:00:00.000+0000,-0.000997688,-0.005836145,0.001283621,-0.000180611,0.000823435,2877.129883,1
2018-09-11T00:00:00.000+0000,0.001910368,-0.003125945,0.005623806,0.002625728,0.001621163,2887.889893,1
2018-09-12T00:00:00.000+0000,0.000465622,-0.001275894,-0.001152766,-0.000255654,0.000154873,2888.919922,1
2018-09-13T00:00:00.000+0000,0.002449788,0.01089793,0.00414376,-0.003051635,0.002288016,2904.179932,1
2018-09-14T00:00:00.000+0000,0.000144149,0.004349626,0.005170993,0.002526058,0.000119624,2904.97998,1
2018-09-18T00:00:00.000+0000,0.001529781,-0.003223012,0.006085127,-0.000470774,-0.000100165,2904.310059,0
2018-09-19T00:00:00.000+0000,0.002619643,0.005143959,0.004647597,0.001900787,0.000543949,2907.949951,1
2018-09-20T00:00:00.000+0000,0.004112286,0.001112553,4.42E-05,-0.00138849,0.003391846,2930.75,1
2018-09-21T00:00:00.000+0000,0.00140729,0.007457535,0.003562442,0.001967433,-0.000160081,2929.669922,0
2018-09-26T00:00:00.000+0000,-0.005856548,-0.002129189,0.002971105,0.000165266,-0.00352757,2905.969971,0
2018-09-27T00:00:00.000+0000,0.0008986,-0.001582867,-0.004304775,-0.000585623,0.001198425,2914,1
2018-09-28T00:00:00.000+0000,0.000301814,0.001140029,0.005860537,0.001802582,-2.98E-06,2913.97998,0
2018-10-02T00:00:00.000+0000,0.005150167,-0.010473555,0.002702848,-0.0055068,0.001406126,2923.429932,1
2018-10-04T00:00:00.000+0000,-0.002382202,-0.008120685,-0.005311024,0.003331772,-0.003253634,2901.610107,0
2018-10-05T00:00:00.000+0000,-0.002952826,-0.000837605,-0.003490035,0.000496547,-0.002407431,2885.570068,0
2018-10-09T00:00:00.000+0000,-0.000270715,-0.006581551,-0.005777983,-0.010153043,-0.000787856,2880.340088,0
2018-10-10T00:00:00.000+0000,-0.013887941,0.000334394,0.00067764,0.000585189,-0.014512553,2785.679932,0
2018-10-11T00:00:00.000+0000,-0.009361801,-0.015643572,-0.017246701,-0.012168015,-0.009027931,2728.370117,0
2018-10-12T00:00:00.000+0000,0.00494965,0.009101954,0.001990932,0.000948209,0.00612626,2767.129883,1
2018-10-15T00:00:00.000+0000,-0.001535588,-0.006041302,-0.0081781,-0.004257759,-0.002572101,2750.790039,0
2018-10-16T00:00:00.000+0000,0.009322252,0.000293456,0.00538633,0.002170407,0.0092365,2809.919922,1
2018-10-18T00:00:00.000+0000,-0.007110915,-0.000131507,0.002092729,0.005221194,-0.00640549,2768.780029,0
2018-10-19T00:00:00.000+0000,0.001108995,0.001819206,-0.002423356,-0.000524354,-0.000156882,2767.780029,0
2018-10-22T00:00:00.000+0000,-0.00217191,0.009939368,0.001591855,-0.002638403,-0.001871287,2755.879883,0
2018-10-23T00:00:00.000+0000,-0.002166462,-0.013605143,-0.011757722,-0.004455257,-0.002400379,2740.689941,0
2018-10-24T00:00:00.000+0000,-0.010610516,-0.001661281,0.001583489,-0.001346258,-0.013615468,2656.100098,0
2018-10-25T00:00:00.000+0000,0.007029246,-0.004413812,-0.016477341,-0.012413506,0.008014348,2705.570068,1
2018-10-26T00:00:00.000+0000,-0.005180174,-0.004836933,-0.001721307,7.55E-06,-0.007591093,2658.689941,0
2018-10-29T00:00:00.000+0000,-0.004338287,0.001655614,-0.000713979,0.004067743,-0.002858182,2641.25,0
2018-10-30T00:00:00.000+0000,0.00760373,-0.003982894,0.006268571,0.005500345,0.006751248,2682.629883,1
2018-10-31T00:00:00.000+0000,0.004189505,0.006907472,0.00927483,0.00186948,0.004687288,2711.73999,1
2018-11-01T00:00:00.000+0000,0.004557964,0.007520167,-0.004637178,0.000924413,0.004561177,2740.370117,1
2018-11-02T00:00:00.000+0000,-0.001884777,0.017914905,0.010993747,0.000724934,-0.002752003,2723.060059,0
2018-11-05T00:00:00.000+0000,0.003267876,-0.009146059,-0.006782161,-0.002274067,0.002425402,2738.310059,1
2018-11-06T00:00:00.000+0000,0.002946104,0.003113102,0.004905523,0.003946357,0.002709905,2755.449951,1
2018-11-07T00:00:00.000+0000,0.009141145,0.000444169,-0.001216462,0.001694874,0.009114573,2813.889893,1
2018-11-08T00:00:00.000+0000,0.000181108,0.001327232,0.007816823,0.002454193,-0.001090978,2806.830078,0
2018-11-09T00:00:00.000+0000,-0.003361145,-0.010488015,-0.004595078,-0.000353873,-0.00401357,2781.01001,0
2018-11-12T00:00:00.000+0000,-0.010180138,0.000529947,0.000382999,0.001168889,-0.008641657,2726.219971,0
2018-11-13T00:00:00.000+0000,-0.001725903,0.002697173,-0.009051883,-0.007603207,-0.000644067,2722.179932,0
2018-11-14T00:00:00.000+0000,-0.003552363,-0.00233729,0.00071547,-0.007417845,-0.003298983,2701.580078,0
2018-11-15T00:00:00.000+0000,0.003600095,0.007533713,-0.000852894,0.000216291,0.004576609,2730.199951,1
2018-11-16T00:00:00.000+0000,0.002123423,0.001332107,-0.002462502,-0.000178997,0.000964498,2736.27002,1
2018-11-19T00:00:00.000+0000,-0.006816851,0.003114882,0.002811751,-0.002723414,-0.007288834,2690.72998,0
2018-11-20T00:00:00.000+0000,-0.009686265,-0.008844846,-0.004763629,-0.002046269,-0.007955404,2641.889893,0
2018-11-21T00:00:00.000+0000,-1.69E-05,0.002198322,-0.001523488,-0.002806725,0.001319677,2649.929932,1
2018-11-26T00:00:00.000+0000,0.00310523,0.006715349,0.006104769,0.002082189,0.003837667,2673.449951,1
2018-11-27T00:00:00.000+0000,0.001907988,-0.000728691,0.002786526,0.003999949,0.00141423,2682.169922,1
2018-11-28T00:00:00.000+0000,0.010706419,0.005744301,0.004421164,-0.000202099,0.009864587,2743.790039,1
2018-11-29T00:00:00.000+0000,-0.000472618,-0.003784927,0.001672697,0.002657484,-0.000949148,2737.800049,0
2018-11-30T00:00:00.000+0000,0.003407995,0.000913905,0.001722259,-0.006478016,0.003534092,2760.169922,1
2018-12-03T00:00:00.000+0000,0.004869651,0.01092555,0.004325002,0.008008346,0.004725993,2790.370117,1
2018-12-04T00:00:00.000+0000,-0.013654359,0.00125082,-0.010489373,-0.004382544,-0.014288388,2700.060059,0
2018-12-06T00:00:00.000+0000,-0.001380024,-0.0179552,-0.0106626,-0.004578603,-0.000661599,2695.949951,0
2018-12-07T00:00:00.000+0000,-0.0098369,-0.001540588,0.003561664,0.001601957,-0.010247758,2633.080078,0
2018-12-10T00:00:00.000+0000,0.000610539,-0.005219677,-0.009297682,-0.009948607,0.00076462,2637.719971,1
2018-12-11T00:00:00.000+0000,-0.000943818,0.000325174,-0.001465443,0.001825189,-0.000154787,2636.780029,0
2018-12-12T00:00:00.000+0000,0.002789393,0.006938394,0.009239337,0.005809225,0.002347306,2651.070068,1
2018-12-13T00:00:00.000+0000,0.001239662,0.005563789,0.004269857,0.000606207,-8.68E-05,2650.540039,0
2018-12-14T00:00:00.000+0000,-0.008862637,-0.007090953,-0.008876225,-0.004299566,-0.008369381,2599.949951,0
2018-12-17T00:00:00.000+0000,-0.009243421,-0.00011333,0.002674758,0.0041178,-0.009116834,2545.939941,0
2018-12-18T00:00:00.000+0000,0.001518931,-0.004580949,-0.007977104,-0.00541985,3.75E-05,2546.159912,1
2018-12-19T00:00:00.000+0000,-0.006505034,0.00085953,-0.002630927,-0.000906061,-0.006738278,2506.959961,0
2018-12-20T00:00:00.000+0000,-0.008728085,-0.004080094,-0.012497222,-0.005967205,-0.006904331,2467.419922,0
2018-12-21T00:00:00.000+0000,-0.007941867,0.002195962,-0.004848333,-0.003097041,-0.00903468,2416.620117,0
2018-12-27T00:00:00.000+0000,0.013214461,-0.004654561,-0.001911631,0.009993341,0.01278686,2488.830078,1
2018-12-28T00:00:00.000+0000,-0.001436706,0.000431344,-0.001361618,0.004114677,-0.000539547,2485.73999,0
2019-01-04T00:00:00.000+0000,0.006926353,0.002069626,-0.009938206,-0.002973326,0.007997701,2531.939941,1
2019-01-07T00:00:00.000+0000,0.001815976,0.003538901,0.010463023,0.00513334,0.003033971,2549.689941,1
2019-01-08T00:00:00.000+0000,0.004701038,0.000667678,0.003562789,0.002923473,0.004190328,2574.409912,1
2019-01-09T00:00:00.000+0000,0.001670428,0.009740024,0.004767677,0.004118132,0.001776122,2584.959961,1
2019-01-10T00:00:00.000+0000,0.00222768,0.00096901,-0.005633478,0.001151453,0.001957904,2596.639893,1
2019-01-11T00:00:00.000+0000,-0.000108048,0.002381619,0.00419896,-0.001419332,-6.35E-05,2596.26001,0
2019-01-15T00:00:00.000+0000,0.001258576,0.002646801,0.004152231,0.00274528,0.002342248,2610.300049,1
2019-01-16T00:00:00.000+0000,0.002547333,0.001160825,-0.002384271,0.0016168,0.000963926,2616.100098,1
2019-01-17T00:00:00.000+0000,0.002913461,-0.002370981,-0.000860837,0.001184729,0.003284452,2635.959961,1
2019-01-18T00:00:00.000+0000,0.005951278,0.005406804,0.005579422,0.002301417,0.005687917,2670.709961,1
2019-01-22T00:00:00.000+0000,-0.005339016,-0.001370593,-0.000907953,-0.001237158,-0.006192378,2632.899902,0
2019-01-23T00:00:00.000+0000,0.003034901,4.42E-05,-0.000615131,-0.001145074,0.000955661,2638.699951,1
2019-01-24T00:00:00.000+0000,-0.000395655,0.001809758,-0.000402766,0.001599356,0.000597059,2642.330078,1
2019-01-25T00:00:00.000+0000,0.003241714,0.007118612,0.004178888,0.002963041,0.003671034,2664.76001,1
2019-01-29T00:00:00.000+0000,-0.002769338,-0.00059129,-0.002283083,-0.002304465,-0.004054175,2640,0
2019-01-30T00:00:00.000+0000,0.007616877,0.001750103,-0.002277859,0.000854673,0.006700994,2681.050049,1
2019-01-31T00:00:00.000+0000,-0.000263791,0.004681993,0.004559472,-0.001015581,0.003717843,2704.100098,1
2019-02-01T00:00:00.000+0000,0.001114212,-0.000182359,0.000311399,-0.000146318,0.000390086,2706.530029,1
2019-02-04T00:00:00.000+0000,0.003030009,0.000923726,0.001988023,0.002022148,0.002932956,2724.870117,1
2019-02-08T00:00:00.000+0000,-0.002295261,-0.000681539,-0.011603802,0.012434711,-0.00271641,2707.879883,0
2019-02-12T00:00:00.000+0000,0.005490705,0.00348272,0.011196875,0.000883798,0.00587023,2744.72998,1
2019-02-13T00:00:00.000+0000,0.002002547,0.005000779,0.005795054,-0.000600787,0.001311323,2753.030029,1
2019-02-14T00:00:00.000+0000,-0.001769782,-0.000999945,-9.80E-05,-4.24E-05,-0.001153123,2745.72998,0
2019-02-15T00:00:00.000+0000,0.007512103,-0.00819091,-0.00493965,0.000636163,0.004699068,2775.600098,1
2019-02-19T00:00:00.000+0000,0.00013539,0.005064846,0.008274245,0.002507292,0.000650409,2779.76001,1
2019-02-20T00:00:00.000+0000,0.001057456,0.004376797,0.002618731,-0.000590331,0.000771104,2784.699951,1
2019-02-21T00:00:00.000+0000,-0.001740508,0.001761215,0.000662952,0.002719978,-0.001534219,2774.879883,0
2019-02-22T00:00:00.000+0000,0.003033229,0.002818095,-0.000784159,0.001903612,0.002775419,2792.669922,1
2019-02-25T00:00:00.000+0000,0.00100215,0.002149843,0.00207717,0.001507222,0.000534662,2796.110107,1
2019-02-26T00:00:00.000+0000,-0.00056577,-0.002817106,-0.001593376,-0.003802362,-0.000343427,2793.899902,0
2019-02-27T00:00:00.000+0000,-0.001215356,-0.000220751,0.002163487,0.001717278,-0.000236342,2792.379883,0
2019-02-28T00:00:00.000+0000,-0.001157427,-0.001880635,-0.003465938,0.001328668,-0.00122884,2784.48999,0
2019-03-01T00:00:00.000+0000,0.001844799,0.002706389,0.004395315,0.001463051,0.002984323,2803.689941,1
2019-03-04T00:00:00.000+0000,-0.003462413,0.002216439,0.004387506,0.001982198,-0.001688583,2792.810059,0
2019-03-05T00:00:00.000+0000,-0.000219048,3.01E-05,-0.001909971,-0.001456411,-0.000491697,2789.649902,0
2019-03-06T00:00:00.000+0000,-0.002246892,0.001138167,-0.00259574,0.003127649,-0.002842663,2771.449951,0
2019-03-07T00:00:00.000+0000,-0.003400393,-0.003878234,-0.00284066,0.001192786,-0.00354337,2748.929932,0
2019-03-08T00:00:00.000+0000,-0.000392139,-0.008395909,-0.008801375,-0.003926504,-0.000926769,2743.070068,0
2019-03-11T00:00:00.000+0000,0.003410397,0.004208586,0.002050982,-0.001647174,0.006323126,2783.300049,1
2019-03-12T00:00:00.000+0000,-0.001632174,0.006316185,0.007714415,-0.000187237,0.00128072,2791.52002,1
2019-03-13T00:00:00.000+0000,0.002511858,-0.001706535,-0.004332418,-0.001013984,0.003007727,2810.919922,1
2019-03-14T00:00:00.000+0000,0.000119086,0.000661946,-6.57E-05,0.001443841,-0.000377141,2808.47998,0
2019-03-15T00:00:00.000+0000,0.002340494,0.002414807,0.003329639,-0.000117807,0.002159538,2822.47998,1
2019-03-18T00:00:00.000+0000,0.001094576,0.005898844,0.002697495,0.001280524,0.001606497,2832.939941,1
2019-03-19T00:00:00.000+0000,-0.000448011,0.000844899,-0.000355283,-0.000484079,-5.67E-05,2832.570068,0
2019-03-20T00:00:00.000+0000,-0.002383916,-0.002146957,0.00084635,-0.001719397,-0.001280603,2824.22998,0
2019-03-22T00:00:00.000+0000,-0.004124501,-0.003086023,0.000370045,0.00201681,-0.003631923,2800.709961,0
2019-03-25T00:00:00.000+0000,0.000247025,-0.008891796,-0.013257462,-0.005021183,-0.000364535,2798.360107,0
2019-03-26T00:00:00.000+0000,0.002391517,0.000662744,0.009243912,0.000307661,0.003108269,2818.459961,1
2019-03-27T00:00:00.000+0000,-0.000544368,0.002445903,-0.001007643,0.000314435,-0.002021703,2805.370117,0
2019-03-28T00:00:00.000+0000,0.001554218,0.000709344,-0.007065003,0.002708663,0.001556101,2815.439941,1
2019-03-29T00:00:00.000+0000,0.003552314,0.004147943,0.003537968,0.000360821,0.002914857,2834.399902,1
2019-04-01T00:00:00.000+0000,0.005488187,0.007567641,0.006165934,0.002627612,0.00499534,2867.189941,1
2019-04-02T00:00:00.000+0000,-0.001313365,0.000919421,-7.51E-05,0.001932849,7.58E-06,2867.23999,1
2019-04-03T00:00:00.000+0000,0.000646503,0.005270674,0.004178333,0.002798074,0.000932027,2873.399902,1
2019-04-04T00:00:00.000+0000,0.002749296,-0.000725777,0.000234719,-0.003306247,0.000904403,2879.389893,1
2019-04-08T00:00:00.000+0000,-0.000718442,0.00203827,0.000733059,-0.000660154,0.002463592,2895.77002,1
2019-04-09T00:00:00.000+0000,-0.003151253,0.001158508,0.000816256,0.000323336,-0.002643106,2878.199951,0
2019-04-10T00:00:00.000+0000,0.000109265,-0.000546565,-0.002297185,6.88E-05,0.0015078,2888.209961,1
2019-04-11T00:00:00.000+0000,-0.000234325,-0.004057828,0.000476546,-0.001542855,1.66E-05,2888.320068,1
2019-04-12T00:00:00.000+0000,0.004449968,0.001022122,0.003172468,0.003634853,0.002860949,2907.409912,1
2019-04-15T00:00:00.000+0000,-0.000452929,-0.001440449,0.005888332,6.16E-05,-0.000273418,2905.580078,0
2019-04-16T00:00:00.000+0000,0.001116047,0.00462477,0.001028255,0.00166613,0.000221155,2907.060059,1
2019-04-17T00:00:00.000+0000,-5.12E-05,-7.48E-05,0.001099127,-0.001501971,-0.000988628,2900.449951,0
2019-04-18T00:00:00.000+0000,0.001802426,-0.002333378,-0.00367757,-2.74E-05,0.00068525,2905.030029,1
2019-04-23T00:00:00.000+0000,0.00158081,-2.83E-07,0.003322034,0.004165678,0.004262104,2933.679932,1
2019-04-24T00:00:00.000+0000,-0.000967861,-0.002287555,-0.001167117,0.004012002,-0.000952915,2927.25,0
2019-04-26T00:00:00.000+0000,-0.000878075,-0.002936013,0.001147416,0.000174479,0.001869772,2939.879883,1
2019-05-07T00:00:00.000+0000,-0.009565578,-0.003564495,-0.00658613,-0.006060176,-0.008326794,2884.050049,0
2019-05-08T00:00:00.000+0000,3.75E-05,-0.005354808,-0.006408441,-0.002162061,-0.000697788,2879.419922,0
2019-05-09T00:00:00.000+0000,-0.002330478,-0.010489617,-0.004048805,0.001740033,-0.001314174,2870.719971,0
2019-05-10T00:00:00.000+0000,0.001912814,0.003653479,-0.001162485,0.00107467,0.001612706,2881.399902,1
2019-05-14T00:00:00.000+0000,-0.006923935,-0.006563261,-0.005687084,-0.004499928,-0.007140879,2834.409912,0
2019-05-15T00:00:00.000+0000,0.001968136,0.002259499,0.002494007,0.002989206,0.00252846,2850.959961,1
2019-05-16T00:00:00.000+0000,0.003619685,9.77E-05,-0.002581629,0.003165096,0.003846093,2876.320068,1
2019-05-17T00:00:00.000+0000,-0.001660231,-0.005076876,0.003840946,0.002880099,-0.00254255,2859.530029,0
2019-05-20T00:00:00.000+0000,-0.001419956,-0.002475633,0.001054115,0.00696892,-0.002941154,2840.22998,0
2019-05-21T00:00:00.000+0000,0.003326131,-0.002042343,-0.00059739,0.001301303,0.003674109,2864.360107,1
2019-05-22T00:00:00.000+0000,-0.001693675,0.000764039,0.000222882,0.0009027,-0.001228355,2856.27002,0
2019-05-23T00:00:00.000+0000,-0.004847935,-0.006933438,-0.002706585,-0.000909302,-0.00520532,2822.23999,0
2019-05-24T00:00:00.000+0000,0.001619269,0.001380284,-0.000697034,-0.002560129,0.000587446,2826.060059,1
2019-05-28T00:00:00.000+0000,-0.004057375,0.000585158,0.002929374,0.002302819,-0.003652829,2802.389893,0
2019-05-29T00:00:00.000+0000,-0.003809305,-0.002466168,-0.005277168,-0.002900371,-0.003012228,2783.02002,0
2019-05-30T00:00:00.000+0000,0.000750715,-0.001931016,-0.001259834,-0.003160744,0.0009104,2788.860107,1
2019-05-31T00:00:00.000+0000,-0.006166197,-0.003437826,-0.007136836,0.000173946,-0.005768823,2752.060059,0
2019-06-03T00:00:00.000+0000,8.30E-05,-0.000116745,-0.004030548,-0.005452903,-0.001202592,2744.449951,0
2019-06-04T00:00:00.000+0000,0.008874645,-0.00214236,-4.98E-05,0.000399533,0.009209617,2803.27002,1
2019-06-05T00:00:00.000+0000,0.003541026,0.002167876,0.007752102,0.001816831,0.003530261,2826.149902,1
2019-06-06T00:00:00.000+0000,0.003068525,0.001126278,-4.31E-05,0.00153398,0.00265651,2843.48999,1
2019-06-11T00:00:00.000+0000,0.005500771,0.013073307,0.008902572,0.010483983,0.006402481,2885.719971,1
2019-06-12T00:00:00.000+0000,-0.000728862,-0.007581005,-0.00152976,0.000294919,-0.000885812,2879.840088,0
2019-06-13T00:00:00.000+0000,0.001699115,-0.000218725,-0.002013183,-0.000642512,0.001775835,2891.639893,1
2019-06-14T00:00:00.000+0000,-0.000285559,-0.002815244,0.001749397,0.000950338,-0.000700435,2886.97998,0
2019-06-17T00:00:00.000+0000,0.000381364,0.001739091,0.000146188,-0.001587257,0.000404465,2889.669922,1
2019-06-18T00:00:00.000+0000,0.005831804,0.004310915,-0.003121588,0.002522442,0.00419984,2917.75,1
2019-06-19T00:00:00.000+0000,0.000630679,0.010968813,0.007415056,0.005233785,0.001294509,2926.459961,1
2019-06-20T00:00:00.000+0000,0.004063825,0.005330575,0.002617953,0.00253567,0.004094357,2954.179932,1
2019-06-21T00:00:00.000+0000,-0.000552921,-0.001168577,-0.00415209,-0.00216148,-0.000547218,2950.459961,0
2019-06-24T00:00:00.000+0000,0.000136646,0.000598842,0.000558368,0.0007217,-0.000752801,2945.350098,0
2019-06-25T00:00:00.000+0000,-0.002923554,-0.005009767,-0.001884811,-0.000708789,-0.004143941,2917.379883,0
2019-06-26T00:00:00.000+0000,-0.000186536,0.00055434,-0.002202697,-0.001188197,-0.000536222,2913.780029,0
2019-06-27T00:00:00.000+0000,-0.000167621,0.006103689,0.005150819,0.001735999,0.001657218,2924.919922,1
2019-06-28T00:00:00.000+0000,0.001199736,-0.001197353,-0.001268822,-0.002830203,0.002493259,2941.76001,1
2019-07-02T00:00:00.000+0000,0.003037886,0.005036601,0.009656158,0.00270782,0.004589132,2973.01001,1
2019-07-03T00:00:00.000+0000,0.002897646,-0.000307229,-0.002324174,0.001864314,0.003319354,2995.820068,1
2019-07-05T00:00:00.000+0000,-0.000707288,-0.001210427,0.002166659,0.003940042,-0.000785002,2990.409912,0
2019-07-08T00:00:00.000+0000,-0.00187495,-0.006740295,-0.00425523,-0.00475551,-0.002105101,2975.949951,0
2019-07-09T00:00:00.000+0000,-0.000367121,-0.003314624,0.000620732,-0.000469408,0.000536698,2979.629883,1
2019-07-10T00:00:00.000+0000,0.001242059,0.001363474,-0.00063826,0.001772141,0.001954563,2993.070068,1
2019-07-11T00:00:00.000+0000,0.003668995,0.003483045,0.00221385,0.001796816,0.000991329,2999.909912,1
2019-07-12T00:00:00.000+0000,0.003893653,0.000607798,0.000849378,-0.001086168,0.002001895,3013.77002,1
2019-07-16T00:00:00.000+0000,5.72E-05,0.002251684,-0.003027541,-0.003403831,-0.001404392,3004.040039,0
2019-07-17T00:00:00.000+0000,-0.00184338,-0.000401545,-0.001334467,0.001814428,-0.002845786,2984.419922,0
2019-07-18T00:00:00.000+0000,4.98E-05,-0.002002076,-0.008640927,-0.001840213,0.001552862,2995.110107,1
2019-07-19T00:00:00.000+0000,-0.001098516,0.004610195,0.008596635,0.003263281,-0.002690841,2976.610107,0
2019-07-22T00:00:00.000+0000,0.000283014,-0.005991803,-0.001016799,-0.000320101,0.001226752,2985.030029,1
2019-07-23T00:00:00.000+0000,0.002824446,0.001455155,0.004119024,0.001999949,0.002963689,3005.469971,1
2019-07-24T00:00:00.000+0000,-0.001259788,0.000877247,0.001777844,0.003169507,0.002031279,3019.560059,1
2019-07-25T00:00:00.000+0000,-0.002059139,0.001068459,0.000938817,0.002492634,-0.002291466,3003.669922,0
2019-07-26T00:00:00.000+0000,0.000822794,-0.002995699,-0.00196868,-0.00142442,0.00319664,3025.860107,1
2019-07-29T00:00:00.000+0000,0.000461327,-0.004478403,-0.000829945,0.002021786,-0.000702437,3020.969971,0
2019-07-30T00:00:00.000+0000,-0.000372372,0.000619019,0.001854611,0.00106065,-0.001121342,3013.179932,0
2019-07-31T00:00:00.000+0000,-0.005362245,-0.005727333,-0.003772903,-0.001985325,-0.004753443,2980.379883,0
2019-08-01T00:00:00.000+0000,-0.004564185,-0.003328052,0.000392535,-0.001564522,-0.003925817,2953.560059,0
2019-08-02T00:00:00.000+0000,-0.001610714,-0.010316865,-0.009247567,-0.00163358,-0.003174427,2932.050049,0
2019-08-05T00:00:00.000+0000,-0.012767332,-0.012558527,-0.007622287,-0.008681886,-0.013128801,2844.73999,0
2019-08-06T00:00:00.000+0000,0.005233346,-0.002917328,-0.002838387,-0.010752187,0.005616741,2881.77002,1
2019-08-07T00:00:00.000+0000,-0.00037472,0.000347432,-0.001452867,0.002777378,0.000332922,2883.97998,1
2019-08-08T00:00:00.000+0000,0.006153551,0.002062244,0.001622436,0.003531924,0.008072867,2938.090088,1
2019-08-09T00:00:00.000+0000,-0.001496698,-0.003027702,0.00192476,0.001377404,-0.002883104,2918.649902,0
2019-08-13T00:00:00.000+0000,-0.000124409,-0.011158849,-0.004842939,-0.000998328,0.001139822,2926.320068,1
2019-08-14T00:00:00.000+0000,-0.01343434,0.00036023,0.004219137,0.001916347,-0.012911728,2840.600098,0
2019-08-15T00:00:00.000+0000,0.001700658,0.003303223,-0.005277509,-0.012315682,0.001068902,2847.600098,1
2019-08-16T00:00:00.000+0000,0.005174917,0.004048153,0.000279998,-0.000327973,0.006220425,2888.679932,1
2019-08-19T00:00:00.000+0000,0.004170506,0.009309957,0.003059418,0.004304209,0.005225942,2923.649902,1
2019-08-20T00:00:00.000+0000,-0.00289012,-0.000997206,0.002402305,0.005068726,-0.003450997,2900.51001,0
2019-08-21T00:00:00.000+0000,0.004001053,0.000636946,-0.001233615,-0.003605968,0.003566852,2924.429932,1
2019-08-22T00:00:00.000+0000,0.00081982,-0.003674319,0.00019878,0.001345867,-0.000219841,2922.949951,0
2019-08-23T00:00:00.000+0000,-0.010436397,0.00217213,0.001741856,0.0014008,-0.011417116,2847.110107,0
2019-08-26T00:00:00.000+0000,0.004550173,-0.008357927,-0.009537471,-0.005504192,0.004743848,2878.379883,1
2019-08-27T00:00:00.000+0000,-0.002032605,-0.000275065,0.004160701,0.002294743,-0.001393356,2869.159912,0
2019-08-28T00:00:00.000+0000,0.004328383,-0.00082303,0.000495236,0.002322134,0.002833403,2887.939941,1
2019-08-29T00:00:00.000+0000,0.00540655,0.001489758,-0.000392288,0.000322298,0.00547536,2924.580078,1
2019-08-30T00:00:00.000+0000,0.000675396,0.000358569,0.005136639,0.006039265,0.000279069,2926.459961,1
2019-09-03T00:00:00.000+0000,-0.004717627,-0.0033366,-0.001664673,-0.001604459,-0.003006625,2906.27002,0
2019-09-04T00:00:00.000+0000,0.003930535,0.016612186,0.000504652,-0.00113382,0.004683312,2937.780029,1
2019-09-05T00:00:00.000+0000,0.006098129,-0.000126118,0.009090973,0.004201115,0.005613653,2976,1
2019-09-06T00:00:00.000+0000,0.00112474,0.002860636,0.002334103,0.002056509,0.000395291,2978.709961,1
2019-09-09T00:00:00.000+0000,0.000616203,-0.000152316,0.002427954,0.000475658,-4.08E-05,2978.429932,0
2019-09-10T00:00:00.000+0000,0.001194644,3.71E-05,0.0014984,-0.002067144,0.000139952,2979.389893,1
2019-09-11T00:00:00.000+0000,0.003657966,0.007669025,0.004155294,0.001559327,0.003128515,3000.929932,1
2019-09-12T00:00:00.000+0000,0.000726126,-0.001143721,0.003242389,0.000867439,0.001248604,3009.570068,1
2019-09-13T00:00:00.000+0000,0.00059187,0.004229012,0.004540343,0.000731151,-0.000314723,3007.389893,0
2019-09-17T00:00:00.000+0000,-0.001738109,-0.009023427,0.000257306,0.001573585,-0.000244112,3005.699951,0
2019-09-18T00:00:00.000+0000,0.000580778,-0.000585951,-0.000802348,-0.000670952,0.000148804,3006.72998,1
2019-09-19T00:00:00.000+0000,-0.00083735,-0.004653956,0.001652857,0.002168861,8.67E-06,3006.790039,1
2019-09-20T00:00:00.000+0000,-0.002567661,-0.00054638,0.000681914,0.000877209,-0.002131343,2992.070068,0
2019-09-24T00:00:00.000+0000,-0.002057432,-0.002548434,0.000388308,0.001116217,-0.003712753,2966.600098,0
2019-09-25T00:00:00.000+0000,0.002631713,-0.005582359,-0.001549194,-0.002662066,0.002666431,2984.870117,1
2019-09-26T00:00:00.000+0000,-0.001283518,0.001613635,0.000553652,-0.001858493,-0.001056148,2977.620117,0
2019-09-27T00:00:00.000+0000,-0.001146055,-0.001455299,-0.003348441,0.002457127,-0.002315022,2961.790039,0
2019-09-30T00:00:00.000+0000,0.001561091,0.002293993,-0.002449638,-0.001498151,0.002186634,2976.73999,1
2019-10-02T00:00:00.000+0000,-0.013739321,-0.000826024,0.000454292,-0.003031207,-0.013202349,2887.610107,0
2019-10-04T00:00:00.000+0000,0.008167774,-0.003712282,-0.007409437,-0.007550763,0.009579273,2952.01001,1
2019-10-08T00:00:00.000+0000,-0.006747577,0.001215536,0.003587261,0.004996676,-0.008760376,2893.060059,0
2019-10-09T00:00:00.000+0000,0.00301006,-0.003546539,-0.0026515,-0.003031488,0.00393614,2919.399902,1
2019-10-10T00:00:00.000+0000,0.002476447,0.000424555,0.001930715,-0.000267166,0.002777401,2938.129883,1
2019-10-11T00:00:00.000+0000,0.005212254,0.010027984,0.00494678,0.003828752,0.004724941,2970.27002,1
2019-10-15T00:00:00.000+0000,0.003358952,0.003215183,0.008060053,0.002666598,0.003699478,2995.679932,1
2019-10-16T00:00:00.000+0000,-0.000366882,0.002619579,0.005165486,0.005100606,-0.00086926,2989.689941,0
2019-10-17T00:00:00.000+0000,0.000384239,0.002990019,-0.000407191,-0.00329354,0.001198228,2997.949951,1
2019-10-18T00:00:00.000+0000,-0.004128255,-0.002090241,0.000788885,-0.002121819,-0.001705494,2986.199951,0
2019-10-21T00:00:00.000+0000,0.000930877,9.91E-05,0.00108417,-4.50E-05,0.002974098,3006.719971,1
2019-10-23T00:00:00.000+0000,0.000102114,-0.002590649,0.00147053,0.001315471,-0.00031788,3004.52002,0
2019-10-24T00:00:00.000+0000,-0.000460206,0.00376345,0.002396949,0.001183722,0.000833239,3010.290039,1
2019-10-25T00:00:00.000+0000,0.002464257,-0.002121037,0.000938391,0.002821477,0.001765159,3022.550049,1
2019-10-28T00:00:00.000+0000,0.002131914,0.003630625,0.001283072,9.52E-05,0.002417205,3039.419922,1
2019-10-29T00:00:00.000+0000,-0.000308865,-0.001690965,0.00202478,0.000380654,-0.00036166,3036.889893,0
2019-10-30T00:00:00.000+0000,0.001844633,-0.001934444,-0.002483686,-0.003425161,0.001410627,3046.77002,1
2019-10-31T00:00:00.000+0000,-0.002249582,0.003875032,0.001592566,-0.001395642,-0.0013148,3037.560059,0
2019-11-01T00:00:00.000+0000,0.004808653,0.003120696,-0.001447141,0.000397389,0.004176146,3066.909912,1
2019-11-05T00:00:00.000+0000,0.002300903,0.009237968,0.007559302,0.002077096,0.001090445,3074.620117,1
2019-11-06T00:00:00.000+0000,-1.11E-06,8.22E-05,0.000966991,-0.002455231,0.000304984,3076.780029,1
2019-11-07T00:00:00.000+0000,0.002869313,0.002480375,0.000493579,0.004065309,0.00118405,3085.179932,1
2019-11-08T00:00:00.000+0000,0.000101041,-0.003068958,0.001144224,-0.000235077,0.001110666,3093.080078,1
2019-11-11T00:00:00.000+0000,0.000160784,-0.011532326,-0.001115939,0.00277488,-0.000853126,3087.01001,0
2019-11-12T00:00:00.000+0000,0,0.002231788,0.003488511,-0.001258535,0.000678986,3091.840088,1
2019-11-13T00:00:00.000+0000,0.001442031,-0.00799708,-0.003711389,-0.003274063,0.000308906,3094.040039,1
2019-11-14T00:00:00.000+0000,-2.55E-05,-0.004068675,-0.00333365,0.002240455,0.000363371,3096.629883,1
2019-11-15T00:00:00.000+0000,0.003470984,4.90E-05,0.003025346,0.003672963,0.003329314,3120.459961,1
2019-11-18T00:00:00.000+0000,0.000485589,0.005807798,0.002108996,-0.00171564,0.000218462,3122.030029,1
2019-11-19T00:00:00.000+0000,-0.001586038,0.006666368,-0.002307892,0.002671459,-0.000257437,3120.179932,0
2019-11-20T00:00:00.000+0000,-0.001759294,-0.00328544,-0.002694735,-0.005423082,-0.001634362,3108.459961,0
2019-11-21T00:00:00.000+0000,-0.000856298,-0.006881731,-0.002068465,-0.003230227,-0.000687925,3103.540039,0
2019-11-22T00:00:00.000+0000,0.001706682,0.00209854,0.001398372,0.002479085,0.000943537,3110.290039,1
2019-11-25T00:00:00.000+0000,0.002963282,0.006450481,0.003367814,0.001215208,0.003248198,3133.639893,1
2019-11-26T00:00:00.000+0000,0.000853453,-0.001274827,0.001498516,0.003429956,0.000952479,3140.52002,1
2019-11-27T00:00:00.000+0000,0.000653078,0.000646268,0.001195869,0.003815699,0.001809156,3153.629883,1
2019-11-29T00:00:00.000+0000,-0.001739637,-0.009900455,-0.002673883,-0.000162492,-0.001745554,3140.97998,0